./data/plan/data_2171056/plan_2171056_0129171728.csv,divertomy,"2021/01/29 17:17",遊び,"バーベキューパーティー
",0,139.5455218,35.6567223,17
